<?xml version="1.0" encoding="UTF-8"?>
<!DOCTYPE syntax SYSTEM "syntax.dtd">
<syntax>
    <head>
        <name>Revolution</name>
        <!-- The definitions title -->
        <charsintokens><![CDATA[_0987654321abcdefghijklmnopqrstuvwxyzABCDEFGHIJKLMNOPQRSTUVWXYZ@]]></charsintokens>
        <!-- Valid Characters for Variables -->
        <!-- <charsdelimitingtokens></charsdelimitingtokens> -->
    </head>
    <states>
        <default id="Base" color="#000" background-color="#fff" font-weight="normal" font-style="normal">
            <keywords id="Revolution Functions" color="#661AA9" background-color="#fff"
                font-style="normal" casesensitive="no" useforautocomplete="yes">
                <string>abs</string>
				<string>acos</string>
				<string>aliasreference</string>
				<string>alternatelanguages</string>
				<string>altkey</string>
				<string>annuity</string>
				<string>arraydecode</string>
				<string>arrayencode</string>
				<string>asin</string>
				<string>atan</string>
				<string>atan2</string>
				<string>average</string>
				<string>avg</string>
				<string>backscripts</string>
				<string>base64decode</string>
				<string>base64encode</string>
				<string>baseconvert</string>
				<string>binarydecode</string>
				<string>binaryencode</string>
				<string>buildnumber</string>
				<string>bytetonum</string>
				<string>cachedurl</string>
				<string>cachedurls</string>
				<string>capslockkey</string>
				<string>chartonum</string>
				<string>ciphernames</string>
				<string>clickchar</string>
				<string>clickcharchunk</string>
				<string>clickchunk</string>
				<string>clickfield</string>
				<string>clickh</string>
				<string>clickline</string>
				<string>clickloc</string>
				<string>clickstack</string>
				<string>clicktext</string>
				<string>clickv</string>
				<string>clipboard</string>
				<string>cmdkey</string>
				<string>colornames</string>
				<string>commandkey</string>
				<string>commandnames</string>
				<string>compound</string>
				<string>compress</string>
				<string>constantnames</string>
				<string>controlkey</string>
				<string>copyresource</string>
				<string>cos</string>
				<string>ctrlkey</string>
				<string>currentwindow</string>
				<string>date</string>
				<string>dateformat</string>
				<string>decompress</string>
				<string>deleteregistry</string>
				<string>deleteresource</string>
				<string>directories</string>
				<string>diskspace</string>
				<string>dnsservers</string>
				<string>dragdestination</string>
				<string>dragsource</string>
				<string>drivernames</string>
				<string>drives</string>
				<string>dropchunk</string>
				<string>environment</string>
				<string>existence</string>
				<string>exists</string>
				<string>exp</string>
				<string>exp1</string>
				<string>exp10</string>
				<string>exp2</string>
				<string>extents</string>
				<string>files</string>
				<string>flushevents</string>
				<string>focusedobject</string>
				<string>folders</string>
				<string>fontlanguage</string>
				<string>fontnames</string>
				<string>fontsizes</string>
				<string>fontstyles</string>
				<string>format</string>
				<string>foundchunk</string>
				<string>foundfield</string>
				<string>foundline</string>
				<string>foundloc</string>
				<string>foundtext</string>
				<string>frontscripts</string>
				<string>functionnames</string>
				<string>getresource</string>
				<string>getresources</string>
				<string>globalloc</string>
				<string>globalnames</string>
				<string>globals</string>
				<string>hasmemory</string>
				<string>heapspace</string>
				<string>hilitedtext</string>
				<string>hostaddress</string>
				<string>hostaddresstoname</string>
				<string>hostname</string>
				<string>hostnametoaddress</string>
				<string>httpproxyforurl</string>
				<string>interrupt</string>
				<string>intersect</string>
				<string>isnumber</string>
				<string>isotomac</string>
				<string>itemoffset</string>
				<string>keys</string>
				<string>keysdown</string>
				<string>len</string>
				<string>length</string>
				<string>licensed</string>
				<string>lineoffset</string>
				<string>listregistry</string>
				<string>ln</string>
				<string>ln1</string>
				<string>localloc</string>
				<string>localnames</string>
				<string>log10</string>
				<string>log2</string>
				<string>longfilepath</string>
				<string>lower</string>
				<string>machine</string>
				<string>mactoiso</string>
				<string>mainstacks</string>
				<string>matchchunk</string>
				<string>matchtext</string>
				<string>matrixmultiply</string>
				<string>max</string>
				<string>mcencrypt</string>
				<string>mcisendstring</string>
				<string>mclicense</string>
				<string>md5digest</string>
				<string>me</string>
				<string>median</string>
				<string>menubutton</string>
				<string>menuobject</string>
				<string>menus</string>
				<string>merge</string>
				<string>millisec</string>
				<string>millisecond</string>
				<string>milliseconds</string>
				<string>millisecs</string>
				<string>min</string>
				<string>monthnames</string>
				<string>mouse</string>
				<string>mousechar</string>
				<string>mousecharchunk</string>
				<string>mousechunk</string>
				<string>mouseclick</string>
				<string>mousecolor</string>
				<string>mousecontrol</string>
				<string>mouseh</string>
				<string>mouseline</string>
				<string>mouseloc</string>
				<string>mousestack</string>
				<string>mousetext</string>
				<string>mousev</string>
				<string>movie</string>
				<string>movies</string>
				<string>movingcontrols</string>
				<string>numtobyte</string>
				<string>numtochar</string>
				<string>offset</string>
				<string>openfiles</string>
				<string>openprocesses</string>
				<string>openprocessids</string>
				<string>opensockets</string>
				<string>openstacks</string>
				<string>optionkey</string>
				<string>owner</string>
				<string>param</string>
				<string>paramcount</string>
				<string>params</string>
				<string>peeraddress</string>
				<string>pendingmessages</string>
				<string>platform</string>
				<string>processid</string>
				<string>processor</string>
				<string>propertynames</string>
				<string>qteffects</string>
				<string>qtversion</string>
				<string>queryregistry</string>
				<string>random</string>
				<string>recordcompressiontypes</string>
				<string>recordloudness</string>
				<string>replacetext</string>
				<string>result</string>
				<string>revlicensematrix</string>
				<string>round</string>
				<string>screencolors</string>
				<string>screendepth</string>
				<string>screenloc</string>
				<string>screenname</string>
				<string>screenrect</string>
				<string>screenrects</string>
				<string>screentype</string>
				<string>screenvendor</string>
				<string>scriptlimits</string>
				<string>sec</string>
				<string>seconds</string>
				<string>secs</string>
				<string>selectedbutton</string>
				<string>selectedchunk</string>
				<string>selectedfield</string>
				<string>selectedgraphic</string>
				<string>selectedimage</string>
				<string>selectedline</string>
				<string>selectedlines</string>
				<string>selectedloc</string>
				<string>selectedobject</string>
				<string>selectedobjects</string>
				<string>selectedtext</string>
				<string>selection</string>
				<string>selobj</string>
				<string>selobjs</string>
				<string>setregistry</string>
				<string>setresource</string>
				<string>shell</string>
				<string>shiftkey</string>
				<string>shortfilepath</string>
				<string>sin</string>
				<string>sound</string>
				<string>specialfolderpath</string>
				<string>sqrt</string>
				<string>stacks</string>
				<string>stackspace</string>
				<string>standarddeviation</string>
				<string>statround</string>
				<string>stddev</string>
				<string>sum</string>
				<string>syserror</string>
				<string>systemversion</string>
				<string>tan</string>
				<string>target</string>
				<string>templateaudioclip</string>
				<string>templatebutton</string>
				<string>templatecard</string>
				<string>templateeps</string>
				<string>templatefield</string>
				<string>templategraphic</string>
				<string>templategroup</string>
				<string>templateimage</string>
				<string>templateplayer</string>
				<string>templatescrollbar</string>
				<string>templatestack</string>
				<string>templatevideoclip</string>
				<string>templatewidget</string>
				<string>tempname</string>
				<string>textheightsum</string>
				<string>tick</string>
				<string>ticks</string>
				<string>time</string>
				<string>tolower</string>
				<string>topstack</string>
				<string>topwindow</string>
				<string>toupper</string>
				<string>transpose</string>
				<string>trunc</string>
				<string>unidecode</string>
				<string>uniencode</string>
				<string>upper</string>
				<string>urldecode</string>
				<string>urlencode</string>
				<string>urlstatus</string>
				<string>value</string>
				<string>variablenames</string>
				<string>version</string>
				<string>volumes</string>
				<string>waitdepth</string>
				<string>weekdaynames</string>
				<string>windows</string>
				<string>within</string>
				<string>wordoffset</string>
			</keywords>
			<keywords id="Revolution Commands" color="#661AA9" background-color="#fff"
                font-style="normal" casesensitive="no" useforautocomplete="yes">
                <string>add</string>
				<string>answer</string>
				<string>ask</string>
				<string>beep</string>
				<string>break</string>
				<string>breakpoint</string>
				<string>call</string>
				<string>cancel</string>
				<string>choose</string>
				<string>clear</string>
				<string>click</string>
				<string>clone</string>
				<string>close</string>
				<string>combine</string>
				<string>command</string>
				<string>compact</string>
				<string>constant</string>
				<string>convert</string>
				<string>copy</string>
				<string>create</string>
				<string>crop</string>
				<string>cut</string>
				<string>debugdo</string>
				<string>decrypt</string>
				<string>define</string>
				<string>dehilite</string>
				<string>delete</string>
				<string>disable</string>
				<string>dispatch</string>
				<string>divide</string>
				<string>do</string>
				<string>domenu</string>
				<string>drag</string>
				<string>drawer</string>
				<string>edit</string>
				<string>enable</string>
				<string>encrypt</string>
				<string>exit</string>
				<string>export</string>
				<string>filter</string>
				<string>find</string>
				<string>flip</string>
				<string>focus</string>
				<string>function</string>
				<string>get</string>
				<string>getprop</string>
				<string>global</string>
				<string>go</string>
				<string>grab</string>
				<string>group</string>
				<string>hide</string>
				<string>hilite</string>
				<string>if</string>
				<string>import</string>
				<string>insert</string>
				<string>intersect</string>
				<string>kill</string>
				<string>launch</string>
				<string>library</string>
				<string>load</string>
				<string>local</string>
				<string>lock</string>
				<string>mark</string>
				<string>modal</string>
				<string>modeless</string>
				<string>move</string>
				<string>multiply</string>
				<string>new</string>
				<string>next</string>
				<string>on</string>
				<string>open</string>
				<string>option</string>
				<string>palette</string>
				<string>pass</string>
				<string>paste</string>
				<string>place</string>
				<string>play</string>
				<string>pop</string>
				<string>popup</string>
				<string>post</string>
				<string>prepare</string>
				<string>print</string>
				<string>private</string>
				<string>pulldown</string>
				<string>push</string>
				<string>put</string>
				<string>quit</string>
				<string>read</string>
				<string>record</string>
				<string>redo</string>
				<string>release</string>
				<string>remove</string>
				<string>rename</string>
				<string>repeat</string>
				<string>replace</string>
				<string>reply</string>
				<string>request</string>
				<string>reset</string>
				<string>return</string>
				<string>revert</string>
				<string>revrelicense</string>
				<string>rotate</string>
				<string>rsadecrypt</string>
				<string>rsaencrypt</string>
				<string>rsasign</string>
				<string>rsaverify</string>
				<string>save</string>
				<string>seek</string>
				<string>select</string>
				<string>send</string>
				<string>set</string>
				<string>setprop</string>
				<string>sheet</string>
				<string>show</string>
				<string>sort</string>
				<string>split</string>
				<string>start</string>
				<string>stop</string>
				<string>subtract</string>
				<string>switch</string>
				<string>throw</string>
				<string>toplevel</string>
				<string>try</string>
				<string>type</string>
				<string>undefine</string>
				<string>undo</string>
				<string>ungroup</string>
				<string>unhilite</string>
				<string>union</string>
				<string>unload</string>
				<string>unlock</string>
				<string>unmark</string>
				<string>visual</string>
				<string>wait</string>
				<string>write</string>     
			</keywords>
            <keywords id="Revolution syntax" color="#881350" casesensitive="no" useforautocomplete="yes">             
				       
			</keywords>
            <keywords id="Numbers" color="#00f" useforautocomplete="no">
                <regex>(?&lt;=[^[A-Za-z0-9]]|^)((([0-9]+\.[0-9]*)|(\.[0-9]+)([eE][+\-]?[0-9]+)?[fFlL]?)|((([1-9][0-9]*)|0[0-7]*|(0[xX][0-9a-fA-F]))(([uU][lL]?)|([lL][uU]?))?))(?=[^[A-Za-z0-9]]|$)</regex>
                <regex/>
            </keywords>
            <keywords id="Characters" color="#00f" useforautocomplete="no">
                <regex>('.')</regex>
            </keywords>
            <keywords id="FunctionRegex" color="#003369" useforautocomplete="no">
                <regex>([A-Za-z0-9_]+ *)\(</regex>
            </keywords>
        </default>
	   <state id="Comment" color="#266525" font-style="italic">
                <begin><regex>/\*</regex></begin>
                <end><regex>\*/</regex></end>
        </state>
        <state id="SingleComment" color="#236E25" background-color="none" font-weight="normal" font-style="italic">
            <begin>
                <string>--</string>
            </begin>
            <end>
                <regex>[\n\r]</regex>
            </end>
        </state>
        <state id="String" color="#760f15" background-color="none" font-weight="normal" font-style="normal">
            <begin>
                <string>"</string>
            </begin>
            <end>
                <regex>(((?&lt;!\\)(\\\\)*)|^)"</regex>
            </end>
        </state>
        <state id="Property" color="#4E7451" background-color="none" font-weight="normal" font-style="normal">
            <begin>
                <string>#</string>
            </begin>
            <end>
                <regex>(^[_0987654321abcdefghijklmnopqrstuvwxyzABCDEFGHIJKLMNOPQRSTUVWXYZ@#]*)</regex>
            </end>
        </state>
    </states>
</syntax>
