<?xml version="1.0" encoding="UTF-8"?>
<!DOCTYPE syntax SYSTEM "symbol.dtd">
<symbols>

    <blocks>
        <beginregex>{</beginregex>
        <endregex>}</endregex>
    </blocks>

    <symbol id="Probes" symbol="p::_#6AB18D"  indentation="0" font-weight="normal" >
        <regex>(^[^#:\n]*:[^:\n]*:[^:\n]*:[^{]*)</regex>
        <postprocess>
            <find>/\*.*\*/</find>
            <replace></replace>
            <find>/[^\n]</find>
            <replace>/\n</replace>
        </postprocess>
    </symbol>  
    

    
    <symbol id="Predicates" indentation="1" font-weight="normal" font-style="italic">

        <regex>(^\s*/[^*][^/]*/)</regex>

        <postprocess>
            <find>\n</find>
            <replace></replace>
        </postprocess>
    </symbol>

</symbols>