<?xml version="1.0" encoding="UTF-8"?>
<!DOCTYPE syntax SYSTEM "symbol.dtd">
<symbols>

    <blocks>
        <beginregex>{</beginregex>
        <endregex>}</endregex>
    </blocks>
    
    <symbol id="C Funtions" image="SymbolC" indentation="1" ignoreblocks="yes">
        <regex>(?i)CREATE[ \t]+TABLE[ \t]*([\w\d_]+)[ \t]*\(</regex>
    </symbol>

    <symbol id="SQL Triggers" image="SymbolT" indentation="1" ignoreblocks="yes">
        <regex>(?i)CREATE[ \t]+TRIGGER[ \t]*([\w\d_]+)</regex>
    </symbol>

    <symbol id="CVS/SVN conflict" font-weight="bold" image="SymbolWarn" indentation="0" ignoreblocks="no">
        <regex>^&lt;&lt;&lt;&lt;&lt;&lt;&lt;([\n\r]|.)*?======([\n\r]|.)*?&gt;&gt;&gt;&gt;&gt;&gt;&gt;</regex>
        <postprocess>
            <find>.*</find>
            <replace>Versioning conflict!</replace>
        </postprocess>
    </symbol>

</symbols>