<?xml version="1.0" encoding="UTF-8"?>
<!DOCTYPE syntax SYSTEM "symbol.dtd">
<symbols>

    <blocks>
        <beginregex>{</beginregex>
        <endregex>}</endregex>
    </blocks>
    
    <symbol id="Methods" symbol="M" indentation="1" ignoreblocks="yes">
        <regex>(((public|private|protected|static|internal)\s+)+(\w+\s+)?\w+\s*\([^\)^;]*\))</regex>
    </symbol>

    <symbol id="Classes" symbol="C" indentation="0" ignoreblocks="yes">
        <regex>(((public|private|protected|static|internal)\s+)*(class|interface)\s+\w+)</regex>
    </symbol>

    <symbol id="CVS/SVN conflict" font-weight="bold" image="SymbolWarn" indentation="0" ignoreblocks="no">
        <regex>^&lt;&lt;&lt;&lt;&lt;&lt;&lt;[^=]*======[^&gt;]*&gt;&gt;&gt;&gt;&gt;&gt;&gt;</regex>
        <postprocess>
            <find>.*</find>
            <replace>Versioning conflict!</replace>
        </postprocess>
    </symbol>

</symbols>
